,source,F,p,eta_sq
0,tokenizer,0.09690942913617948,0.9610942577498529,0.010276451155834483
1,model,762.3090722562246,6.934410664462941e-23,0.9621359882771878
2,preprocess,0.047587210066204914,0.9859512964393741,0.005072765497378342
