,source,F,p,eta_sq,partial_eta_sq
0,tokenizer,0.6112838108740705,0.6093753724231752,0.019543601851822277,0.019543601851822277
1,model,48.227258509301365,5.167510432805773e-24,0.7282085895572447,0.7282085895572447
2,preprocess,0.2026075842450829,0.8943461133681476,0.0065634061428930055,0.0065634061428930055
