,sum_sq,df,F,PR(>F)
C(tokenizer),1.3998231364114686,3.0,177.4766738023692,2.3090871601978746e-101
C(model),1.1992148620456708,1.0,456.1276193130558,7.979207187376391e-91
C(preprocess),0.28149707595660334,3.0,35.68962637233171,1.970558608976528e-22
C(tokenizer):C(model),5.841841139181835,3.0,740.6582355266041,3.0795e-318
C(tokenizer):C(preprocess),0.04389823500413522,9.0,1.855213593697541,0.05441291941592559
C(model):C(preprocess),0.015580322908964477,3.0,1.975352324679018,0.11565134922632177
C(tokenizer):C(model):C(preprocess),0.12239200459148901,9.0,5.172492940926507,5.837535780108941e-07
Residual,4.963781107910254,1888.0,,
