,sum_sq,df,F,PR(>F)
C(tokenizer),70.12035512371023,3.0,128.06519690567356,8.6091477269034965e-78
C(model),2787.373707076806,2.0,7636.132803735305,0.0
C(preprocess),7.928949005792225,3.0,14.4811362391186,2.3194553022784098e-09
C(tokenizer):C(model),181.21437301241005,6.0,165.4815803558677,1.0186370321882589e-180
C(tokenizer):C(preprocess),3.3098460482116976,9.0,2.0149930556011912,0.03403720897808943
C(model):C(preprocess),9.49083801524595,6.0,8.666855986952484,2.279910564753909e-09
C(tokenizer):C(model):C(preprocess),5.347370991741277,18.0,1.627706433642675,0.04563473304987845
Residual,516.874348661154,2832.0,,
