,sum_sq,df,F,PR(>F)
C(tokenizer),372.2493699318069,3.0,69.92275245056167,7.308992809084854e-44
C(model),119569.50883568068,3.0,22459.75370887571,0.0
C(preprocess),316.99195187338887,3.0,59.543283535238125,1.6755380163058794e-37
C(tokenizer):C(model),551.0107177605203,9.0,34.50033689569729,9.682836910510337e-59
C(tokenizer):C(preprocess),74.66461217411036,9.0,4.67496219431606,3.4898528930238935e-06
C(model):C(preprocess),373.59152773922983,9.0,23.39162044028241,3.927531022981449e-39
C(tokenizer):C(model):C(preprocess),95.49446700846025,27.0,1.9930594071788519,0.0017095615766969667
Residual,5974.991852361527,3367.0,,
