factor,F,p,eta_sq,n_groups
tokenizer,71.70401790417435,5.989795503717409e-44,0.10093887524017567,4
model,181.55561230682986,1.3222410306961582e-39,0.08647335238115005,2
preprocess,13.232428624902488,1.4979934070123543e-08,0.02029827732616215,4
pair,105.03692863812374,3.766458484015678e-98,0.21531155694045437,6
