factor,F,p,eta_sq,n_groups
tokenizer,19.143184463151808,2.734670779032107e-12,0.019577614646684786,4
model,5048.101904665438,0.0,0.7782351960021824,3
preprocess,2.1269702325509723,0.09472678222304125,0.002213763862357968,4
pair,24.74951088481982,1.7305650213276358e-24,0.04128017859324794,6
