pair,mean_fmd,std_fmd,n
electronic_vs_country,5.716493690746781,7.374845000832076,960
jazz_vs_country,4.163391794046038,4.756838086022243,960
jazz_vs_electronic,5.396037542819071,7.028931420053667,960
rock_vs_country,4.810045767580838,5.527999206485939,960
rock_vs_electronic,4.75938014541923,6.239740282510756,960
rock_vs_jazz,4.750467649747831,5.405474657870854,960
