pair,mean_fmd,std_fmd,n
electronic_vs_country,9.26528152706805,7.447682379957426,640
jazz_vs_country,6.219889028108446,4.617333516660559,640
jazz_vs_electronic,8.809120641879169,7.195922096966272,640
rock_vs_country,7.184722289518686,5.35585879858239,640
rock_vs_electronic,7.770768429104431,6.366993471825718,640
rock_vs_jazz,7.088538904441521,5.216065281510762,640
