pair,mean_fmd,std_fmd,n
electronic_vs_country,1.2866756436570237,1.5395855573811257,480
jazz_vs_country,0.6125977805893247,0.6973167913838205,480
jazz_vs_electronic,1.0916700274373095,1.2524969748185388,480
rock_vs_country,0.842801691715916,1.0365806381533058,480
rock_vs_electronic,0.8165797202770287,0.95730587460674,480
rock_vs_jazz,0.7296927913169687,0.8674358312146404,480
