configuration,dataset_a,dataset_b,n_resamples,sample_size_a,sample_size_b,fmd_mean,fmd_std,fmd_ci_lower,fmd_ci_upper,cv
CLaMP2-MTF,maestro,pop909,50,80,80,0.07999675706028939,0.004490523177662064,0.07339656334370374,0.0879583740606904,0.05613381520300617
CLaMP2-REMI,maestro,pop909,50,80,80,0.05473574042320251,0.00340512078262711,0.04973701909184456,0.06189779583364725,0.06221018947217306
CLaMP1-ABC,maestro,pop909,50,80,80,0.02657361052930355,0.002932395435322006,0.0213529534637928,0.03092005690559745,0.11034990642646628
