configuration,dataset_a,dataset_b,n_resamples,sample_size_a,sample_size_b,fmd_mean,fmd_std,fmd_ci_lower,fmd_ci_upper,cv
CLaMP2-ABC,maestro,pop909,10,200,200,0.2861800640821457,0.02533016810796705,0.2533284790813923,0.32923736572265627,0.08851129511486945
CLaMP2-MTF,maestro,pop909,10,200,200,0.18400946259498596,0.01519516590219042,0.15911637172102927,0.21092803366482257,0.0825781766214694
CLaMP1-ABC,maestro,pop909,10,200,200,0.15726102143526077,0.013477802468831908,0.14031634777784346,0.17972086146473884,0.08570338883612223
