dataset,configuration,n_samples_per_half,split_half_fmd
maestro,CLaMP2-ABC,100,0.03928516060113907
maestro,CLaMP2-MTF,100,0.02661903202533722
maestro,CLaMP1-ABC,100,0.022093428298830986
pop909,CLaMP2-ABC,100,0.0699525773525238
pop909,CLaMP2-MTF,100,0.05569601431488991
pop909,CLaMP1-ABC,100,0.03813926875591278
folk,CLaMP2-ABC,100,0.03937950357794762
folk,CLaMP2-MTF,100,0.019230861216783524
folk,CLaMP1-ABC,100,0.059115856885910034
