config_a,config_b,spearman_tau,p_value,n_pairs,interpretable
MusicBERT-REMI,MusicBERT-TSD,0.4357142857142856,0.10449335704406648,15,True
MusicBERT-REMI,CLaMP2-MTF,0.825,0.0001532355709056457,15,True
MusicBERT-REMI,CLaMP1-ABC,0.1464285714285714,0.602549920983054,15,True
MusicBERT-TSD,CLaMP2-MTF,0.5249999999999999,0.04448390580010633,15,True
MusicBERT-TSD,CLaMP1-ABC,0.3214285714285714,0.24271904680166828,15,True
CLaMP2-MTF,CLaMP1-ABC,0.039285714285714285,0.8894459296739485,15,True
